2023-07-15 16:38:25;703276929;Kyo;Kyogram;/start
2023-07-15 16:38:38;703276929;Kyo;Kyogram;/ethereum
2023-07-15 16:38:47;703276929;Kyo;Kyogram;/casino
2023-07-15 16:38:53;703276929;Kyo;Kyogram;/zoom
2023-07-15 16:38:58;703276929;Kyo;Kyogram;/timesheet
2023-07-15 16:39:07;703276929;Kyo;Kyogram;/timesheet asd
2023-07-15 17:09:40;703276929;Kyo;Kyogram;/start
2023-07-15 17:11:16;703276929;Kyo;Kyogram;/start
2023-07-15 17:12:19;703276929;Kyo;Kyogram;asdasd
2023-07-15 17:12:53;703276929;Kyo;Kyogram;cualquier otro mensaje random
2023-07-15 17:13:03;703276929;Kyo;Kyogram;/comandonoexistente
2023-07-15 17:13:10;703276929;Kyo;Kyogram;/zoomm
2023-07-15 17:30:42;703276929;Kyo;Kyogram;/start
2023-07-15 17:42:34;703276929;Kyo;Kyogram;/start
2023-07-15 17:43:24;703276929;Kyo;Kyogram;/start
2023-07-15 17:43:32;703276929;Kyo;Kyogram;/casino
2023-07-15 17:43:49;703276929;Kyo;Kyogram;/zoom
2023-07-15 18:22:28;703276929;Kyo;Kyogram;/casino
2023-07-15 18:22:45;703276929;Kyo;Kyogram;/zoom
2023-07-15 21:09:24;703276929;Kyo;Kyogram;/start
2023-07-15 21:09:53;703276929;Kyo;Kyogram;/start
2023-07-15 21:10:52;703276929;Kyo;Kyogram;/start
2023-07-15 21:13:03;703276929;Kyo;Kyogram;/start
2023-07-15 21:13:36;703276929;Kyo;Kyogram;/start
2023-07-15 21:13:40;703276929;Kyo;Kyogram;/start
2023-07-15 21:15:09;703276929;Kyo;Kyogram;/start
2023-07-15 21:22:17;703276929;Kyo;Kyogram;/start
2023-07-15 21:31:47;703276929;Kyo;Kyogram;/start
2023-07-15 21:32:09;703276929;Kyo;Kyogram;/start
2023-07-15 21:38:32;703276929;Kyo;Kyogram;/start
2023-07-15 21:39:02;703276929;Kyo;Kyogram;/start
2023-07-15 21:39:24;703276929;Kyo;Kyogram;/start
2023-07-15 21:40:00;703276929;Kyo;Kyogram;/start
2023-07-15 21:40:19;703276929;Kyo;Kyogram;/ethereum
2023-07-15 21:40:39;703276929;Kyo;Kyogram;/casino
2023-07-15 21:40:42;703276929;Kyo;Kyogram;/zoom
2023-07-15 21:40:45;703276929;Kyo;Kyogram;/timesheet
2023-07-15 21:53:01;0;CRON;CRON;/zoom
2023-07-15 21:54:01;0;CRON;CRON;/zoom
2023-07-15 22:04:00;0;CRON;CRON;/zoom
2023-07-15 22:05:00;0;CRON;CRON;/zoom
2023-07-15 22:15:08;703276929;Kyo;Kyogram;/help
2023-07-15 22:15:45;703276929;Kyo;Kyogram;/help
2023-07-15 22:16:12;703276929;Kyo;Kyogram;/help
2023-07-15 22:16:43;703276929;Kyo;Kyogram;/start
2023-07-15 22:16:47;703276929;Kyo;Kyogram;/ethereum
2023-07-15 22:17:11;703276929;Kyo;Kyogram;/casino
2023-07-15 22:36:56;703276929;Kyo;Kyogram;/help
2023-07-15 23:10:44;703276929;Kyo;Kyogram;/zoom
2023-07-15 23:11:12;703276929;Kyo;Kyogram;/zoom
2023-07-15 23:11:24;703276929;Kyo;Kyogram;/zoom
2023-07-15 23:11:56;703276929;Kyo;Kyogram;/zoom
2023-07-15 23:13:46;703276929;Kyo;Kyogram;/zoom
2023-07-15 23:16:17;703276929;Kyo;Kyogram;/start
2023-07-15 23:16:34;703276929;Kyo;Kyogram;/start
2023-07-15 23:16:52;703276929;Kyo;Kyogram;/start
2023-07-15 23:17:22;703276929;Kyo;Kyogram;/start
2023-07-15 23:17:43;703276929;Kyo;Kyogram;/start
2023-07-15 23:18:29;703276929;Kyo;Kyogram;/start
